# login<TAB>display name (optional; blank = GitHub profile name)<TAB># team, for reference only
0xBora		# Cardano Foundation
Vardominator		# Maestro Labs
theeldermillenial		# Charli3
papag00se		# ADA Handle (Kora Labs)
AlexDochioiu		# VESPR
adamcazes		# Gero Labs
francisluz		# Begin
nmelentjevs		# DexHunter
ross-spencer		# Orcfax
SmaugPool		# NFTCDN + pool.pm
kermage		# Cardanopress
maxalexweber1		# ODATANO
leobel		# TangoCrypto
workshop-maybe		# Gimbalabs
AIQUANT3		# AIQUANT Technologies (CardanoVSC)
nataly-gb		# GetBlock
edsko		# Well-Typed
Ridel1e		# Spectrum Finance
3noch		# Obsidian Systems
emesik		# emesik (cardano-python)
echovl		# echovl (cardano-go)
reaster		# reaster (Cardano Wallet SDK, Dart)
